hex,count_good_aircraft,count_bad_aircraft
840c701ffffffff,0,38
8428d31ffffffff,32,0
8444db9ffffffff,31,0
842e183ffffffff,33,35
8444d87ffffffff,54,0
8428d35ffffffff,80,0
842e187ffffffff,45,50
840c709ffffffff,0,18
8444dabffffffff,23,0
842e1bdffffffff,22,37
8444d85ffffffff,13,0
8412d37ffffffff,9,0
8426c55ffffffff,30,41
8430d93ffffffff,0,57
842e625ffffffff,0,35
842e621ffffffff,0,30
8419093ffffffff,0,3
8444557ffffffff,0,7
8444551ffffffff,45,64
8444555ffffffff,25,116
842b817ffffffff,40,0
8429a01ffffffff,231,49
8426da3ffffffff,0,13
8429a1bffffffff,1,4
8429a19ffffffff,4,2
8426411ffffffff,0,52
84265b5ffffffff,0,12
8444501ffffffff,0,9
842db0dffffffff,147,22
842db05ffffffff,34,0
842a845ffffffff,0,17
842a847ffffffff,0,11
840c291ffffffff,0,8
840c295ffffffff,0,49
842f535ffffffff,0,4
842e2c9ffffffff,0,12
842e68dffffffff,12,15
842e6ebffffffff,0,10
842e681ffffffff,0,39
8426d9dffffffff,0,85
846990bffffffff,3,3
8469957ffffffff,6,0
8465205ffffffff,92,12
842ce5bffffffff,183,43
842ce59ffffffff,123,13
842c0b3ffffffff,91,40
842c0b1ffffffff,83,29
842c0b9ffffffff,26,31
8427641ffffffff,0,1
8427647ffffffff,18,0
8427605ffffffff,11,0
84129b9ffffffff,6,0
84129bdffffffff,16,0
8412987ffffffff,29,0
8412985ffffffff,30,1
84458a5ffffffff,11,0
84458adffffffff,27,0
84459dbffffffff,35,0
84459d9ffffffff,28,9
8445837ffffffff,11,0
8445051ffffffff,14,0
8445053ffffffff,32,7
84452a5ffffffff,16,13
844501bffffffff,21,9
84450cdffffffff,8,1
8444367ffffffff,30,0
8444361ffffffff,41,0
8444369ffffffff,23,18
8444b41ffffffff,8,1
8444b45ffffffff,31,0
8444b69ffffffff,13,0
84455bbffffffff,6,14
844466dffffffff,0,1
8430e1dffffffff,7,2
8430e15ffffffff,16,0
8430e11ffffffff,51,0
8430e13ffffffff,81,0
8430ec5ffffffff,84,0
8430ec7ffffffff,71,0
8430189ffffffff,6,21
8430181ffffffff,15,0
8430e8dffffffff,17,0
8430e89ffffffff,6,4
8430e81ffffffff,17,7
8413869ffffffff,12,0
8413b17ffffffff,40,2
8413b3bffffffff,26,0
8430e09ffffffff,150,23
8430e0dffffffff,63,0
844b039ffffffff,0,2
844b03dffffffff,8,25
844b02bffffffff,25,5
844b029ffffffff,16,19
844b02dffffffff,2,58
8444f07ffffffff,94,12
841b8ebffffffff,9,12
84276c7ffffffff,32,0
84276ebffffffff,43,0
84276e9ffffffff,38,2
84276edffffffff,6,0
842b9bdffffffff,57,3
841e523ffffffff,0,22
841e521ffffffff,10,31
841e529ffffffff,1,0
841e52dffffffff,22,0
841e567ffffffff,35,27
842b83bffffffff,89,2
842b831ffffffff,14,0
842b833ffffffff,10,0
841b9cbffffffff,0,23
841b837ffffffff,13,9
841b833ffffffff,30,0
842e1e9ffffffff,9,0
842e1edffffffff,42,6
842e1e5ffffffff,0,41
842ead9ffffffff,0,23
842c00bffffffff,8,16
84a975dffffffff,5,0
84c2db7ffffffff,12,1
84c2db3ffffffff,1,3
84c2db1ffffffff,6,6
84c2dbbffffffff,0,6
84c2db9ffffffff,0,22
84c2d83ffffffff,2,0
8410895ffffffff,0,12
8410d9bffffffff,1,6
842164dffffffff,45,0
8421227ffffffff,4,0
8421225ffffffff,15,0
8421221ffffffff,17,0
842122dffffffff,1,9
8421229ffffffff,19,12
8410013ffffffff,0,13
842d243ffffffff,0,42
842ca03ffffffff,43,0
842ca1dffffffff,59,9
842ca19ffffffff,23,23
842ca53ffffffff,67,32
842c12dffffffff,42,0
842c2a3ffffffff,1,36
842c2a1ffffffff,49,59
842c2e7ffffffff,0,10
84658a7ffffffff,0,9
84658a1ffffffff,0,37
84658adffffffff,0,12
8430e47ffffffff,10,32
8430e6bffffffff,15,16
8430e45ffffffff,0,13
8430e69ffffffff,6,2
8466e4dffffffff,10,0
8466e45ffffffff,0,9
8429935ffffffff,122,20
8468605ffffffff,24,16
8468607ffffffff,11,5
846862bffffffff,10,5
846863dffffffff,37,3
8468635ffffffff,42,0
8420197ffffffff,24,44
8420e6dffffffff,24,36
8420e61ffffffff,80,89
842d245ffffffff,18,48
843da3dffffffff,0,4
843da2bffffffff,2,4
843da23ffffffff,6,5
84650b9ffffffff,0,27
8465083ffffffff,0,37
84608b1ffffffff,17,0
8465081ffffffff,0,33
84608b7ffffffff,37,0
8465089ffffffff,0,23
8442db5ffffffff,2,0
8442491ffffffff,22,0
8442499ffffffff,50,13
843da35ffffffff,70,13
843d84bffffffff,4,9
843d849ffffffff,15,16
843d841ffffffff,59,2
843d845ffffffff,0,21
8430e01ffffffff,121,27
8427199ffffffff,24,17
8427191ffffffff,53,0
8428985ffffffff,54,25
844b117ffffffff,70,15
844b1e9ffffffff,47,33
844b1c5ffffffff,151,0
844b1c1ffffffff,96,6
841ec9bffffffff,14,8
842d26dffffffff,0,15
842d269ffffffff,1,32
841ecdbffffffff,0,39
8460a25ffffffff,62,28
8460a59ffffffff,45,0
8460a51ffffffff,19,0
8460a5dffffffff,7,0
8460a55ffffffff,17,23
84128e7ffffffff,5,50
84128a9ffffffff,25,17
84128a1ffffffff,15,9
841280dffffffff,1,0
8412809ffffffff,24,0
841280bffffffff,36,0
8412857ffffffff,0,22
8412819ffffffff,0,30
8409aa5ffffffff,111,10
8465263ffffffff,16,8
846526bffffffff,62,12
8427489ffffffff,37,0
842748bffffffff,76,8
8448c89ffffffff,29,1
8441031ffffffff,83,3
844103dffffffff,6,0
8441039ffffffff,39,15
84c2cabffffffff,5,0
84c2c85ffffffff,26,8
84c2ce3ffffffff,10,0
84c2cebffffffff,31,0
84c2cc5ffffffff,18,0
84c2c13ffffffff,17,0
844995bffffffff,31,14
8449951ffffffff,40,0
8449959ffffffff,12,0
84450a1ffffffff,26,0
84450abffffffff,46,0
8445087ffffffff,37,3
8445083ffffffff,9,0
84499c9ffffffff,29,20
8449835ffffffff,29,28
8449837ffffffff,80,97
84499d9ffffffff,16,20
84498e5ffffffff,39,0
840caa3ffffffff,6,0
840caa7ffffffff,51,0
840c81bffffffff,27,12
840c811ffffffff,15,2
840cab5ffffffff,3,0
840c8c9ffffffff,38,0
840c8c1ffffffff,2,0
840c8cdffffffff,26,0
840c8c5ffffffff,4,0
840c813ffffffff,31,5
840c8c3ffffffff,4,12
840c8c7ffffffff,37,1
840c8ebffffffff,7,0
842c547ffffffff,10,5
842c545ffffffff,4,3
842e6c7ffffffff,15,0
842e689ffffffff,37,18
842e76dffffffff,25,0
842e2bbffffffff,26,0
842e2b3ffffffff,6,8
842e2b1ffffffff,92,0
84be005ffffffff,14,0
84be063ffffffff,36,0
84be061ffffffff,35,2
84be06dffffffff,13,0
84be21bffffffff,38,0
84be211ffffffff,8,7
84be219ffffffff,0,13
84be21dffffffff,47,0
844b6a5ffffffff,12,9
844b6a7ffffffff,17,3
844b6a3ffffffff,46,5
844b6bdffffffff,71,0
8430e03ffffffff,38,0
844ba0bffffffff,130,8
8466e09ffffffff,53,13
8466e47ffffffff,54,64
8466e6bffffffff,37,36
84a8aa9ffffffff,6,0
84a8aa1ffffffff,38,0
84a8aa7ffffffff,24,37
84a881bffffffff,0,21
8466247ffffffff,19,13
8466241ffffffff,14,31
84c3589ffffffff,28,24
84c35c7ffffffff,49,16
84c35c1ffffffff,20,28
84c35cdffffffff,21,16
8448a89ffffffff,7,2
8448a8bffffffff,36,0
8448ad7ffffffff,26,0
846d2d7ffffffff,6,4
846d2d1ffffffff,1,5
846d2d5ffffffff,8,27
846d2ddffffffff,0,3
846d2c3ffffffff,0,16
840c5e7ffffffff,2,17
840c5e5ffffffff,34,0
840c5edffffffff,40,0
840c517ffffffff,26,0
840c515ffffffff,2,0
84bf4a9ffffffff,47,3
842c2e9ffffffff,0,21
842c217ffffffff,0,64
842c211ffffffff,13,20
842c21dffffffff,33,39
842d31dffffffff,47,34
842d315ffffffff,2,86
842d33bffffffff,0,65
8429b69ffffffff,49,4
8429b6dffffffff,9,0
8429023ffffffff,44,0
842903dffffffff,50,0
8429039ffffffff,6,12
842c08bffffffff,0,23
842c0cbffffffff,0,15
842c0c9ffffffff,0,7
84214c3ffffffff,31,6
8421489ffffffff,19,0
848f595ffffffff,17,0
848f5bbffffffff,52,0
848f5b3ffffffff,30,11
846634dffffffff,29,0
8466345ffffffff,21,0
8466347ffffffff,45,0
8466309ffffffff,12,29
8466c4dffffffff,10,0
8466c41ffffffff,0,19
8466e43ffffffff,67,7
8466e4bffffffff,0,57
8466e41ffffffff,34,7
846086dffffffff,2,0
8460b33ffffffff,25,0
8460959ffffffff,51,0
8460951ffffffff,39,21
8460955ffffffff,0,12
843da39ffffffff,5,0
843da31ffffffff,28,0
84601ebffffffff,13,1
845e599ffffffff,36,0
845e4a5ffffffff,45,11
845e59bffffffff,0,1
845e4a7ffffffff,21,7
84651dbffffffff,0,1
84651d9ffffffff,67,0
8465033ffffffff,18,0
844ab6dffffffff,9,0
844ab65ffffffff,12,0
84696b3ffffffff,18,0
84694d9ffffffff,33,0
84694ddffffffff,34,4
84694c3ffffffff,10,0
84698a9ffffffff,0,12
84698abffffffff,26,2
84698bdffffffff,42,0
84698b1ffffffff,3,0
8465051ffffffff,32,12
8465059ffffffff,34,10
84698a3ffffffff,7,18
84698b5ffffffff,3,0
848c9b9ffffffff,70,0
848c987ffffffff,38,16
848c985ffffffff,17,25
848c9e3ffffffff,0,12
848c9a7ffffffff,12,13
848c9a5ffffffff,9,0
846992dffffffff,11,0
8465019ffffffff,14,0
846501dffffffff,38,3
8465011ffffffff,43,0
8465015ffffffff,8,30
8465017ffffffff,21,21
842c2abffffffff,0,32
8408b47ffffffff,0,36
8408b45ffffffff,0,45
842c0b7ffffffff,85,0
8442c97ffffffff,37,13
8442c95ffffffff,49,12
8442c83ffffffff,69,0
8442c81ffffffff,54,0
8442c8dffffffff,1,0
8420145ffffffff,16,22
8420147ffffffff,28,8
8420109ffffffff,14,26
842010bffffffff,0,7
84a8c6bffffffff,8,4
84a8c0dffffffff,19,0
84a8115ffffffff,96,5
84a8ab5ffffffff,0,7
84a8ab1ffffffff,14,19
84a8ab9ffffffff,43,0
84a8a83ffffffff,38,0
848a9ebffffffff,11,10
848a9c7ffffffff,25,12
842c20bffffffff,0,3
8410cc5ffffffff,20,1
8441a3dffffffff,31,39
8441a35ffffffff,42,17
8441841ffffffff,0,25
8441b51ffffffff,103,62
8441189ffffffff,125,19
8441849ffffffff,40,80
844190dffffffff,9,13
84411d5ffffffff,70,12
8431903ffffffff,17,16
8441b59ffffffff,5,22
844112dffffffff,47,15
844b367ffffffff,0,13
8441b25ffffffff,6,38
844b365ffffffff,12,4
8441b03ffffffff,15,0
8441b39ffffffff,0,29
84438d7ffffffff,2,0
8443899ffffffff,34,0
8443891ffffffff,38,0
8443893ffffffff,26,0
8442169ffffffff,18,3
843568dffffffff,7,0
8435685ffffffff,6,9
84356abffffffff,26,9
84356a1ffffffff,1,0
84356a3ffffffff,21,0
842db35ffffffff,57,37
842db3dffffffff,9,19
842d319ffffffff,19,3
842d311ffffffff,26,2
842c52dffffffff,60,23
842c525ffffffff,8,11
846090bffffffff,31,1
8460957ffffffff,31,0
84445adffffffff,70,38
84445a1ffffffff,117,0
842640dffffffff,247,163
84445abffffffff,72,92
8444edbffffffff,8,28
84268c1ffffffff,4,0
84268cdffffffff,52,0
8426aa7ffffffff,21,1
84445a3ffffffff,36,20
8441647ffffffff,3,0
8441609ffffffff,6,3
84309a1ffffffff,13,0
84309a3ffffffff,10,0
84309abffffffff,4,10
84309bdffffffff,27,0
842c08dffffffff,40,1
842c081ffffffff,21,26
842c083ffffffff,20,0
8439447ffffffff,0,45
8439443ffffffff,0,67
841e2d1ffffffff,17,0
841e2d9ffffffff,58,12
841f533ffffffff,60,12
841f5edffffffff,3,1
841f53bffffffff,16,29
841f517ffffffff,0,29
848c12bffffffff,31,41
848c13dffffffff,16,6
848c139ffffffff,4,26
848c107ffffffff,1,0
845f595ffffffff,30,1
845f583ffffffff,52,33
845e707ffffffff,37,0
845e705ffffffff,63,21
8428347ffffffff,186,69
849d217ffffffff,111,8
841b8e1ffffffff,12,0
842731bffffffff,4,2
8427311ffffffff,2,1
8427313ffffffff,3,0
842baa1ffffffff,71,264
8428d3bffffffff,110,21
8428dedffffffff,0,63
84122b5ffffffff,4,4
8412d61ffffffff,50,5
8412d69ffffffff,14,28
8412d45ffffffff,0,24
842b9a1ffffffff,0,3
844b75bffffffff,0,2
84be8d1ffffffff,0,10
8411309ffffffff,0,25
8411347ffffffff,0,33
841136bffffffff,0,16
844b13bffffffff,67,4
844b163ffffffff,34,0
844b105ffffffff,8,3
844b155ffffffff,18,0
844b157ffffffff,41,0
8441331ffffffff,0,4
844b167ffffffff,9,0
8441333ffffffff,0,26
844b129ffffffff,17,14
844b10dffffffff,30,0
844b109ffffffff,10,0
844b113ffffffff,15,0
841ee91ffffffff,33,17
841ee93ffffffff,8,23
842d24bffffffff,0,14
842d25dffffffff,0,12
842d051ffffffff,0,4
8441069ffffffff,8,5
844106bffffffff,19,0
844ba09ffffffff,48,0
844ba0dffffffff,5,0
844bb6dffffffff,14,0
8441145ffffffff,27,1
8441141ffffffff,32,1
8441143ffffffff,0,33
841020dffffffff,0,7
8426291ffffffff,59,13
8431aa1ffffffff,15,3
8431aa9ffffffff,67,41
84355e7ffffffff,29,8
84411c1ffffffff,43,1
84411c3ffffffff,157,44
84411c7ffffffff,69,23
844118dffffffff,21,6
8441181ffffffff,12,51
8441b2dffffffff,35,6
8441b29ffffffff,51,27
8441b05ffffffff,38,38
8441b01ffffffff,35,5
8441b0bffffffff,6,0
8431aadffffffff,34,2
8431853ffffffff,77,5
8410e3dffffffff,40,2
8410e2bffffffff,0,9
8410e05ffffffff,22,14
8410e63ffffffff,26,0
8441a51ffffffff,23,0
8441a53ffffffff,66,20
8441125ffffffff,4,21
8441121ffffffff,0,29
8441127ffffffff,2,3
8431aabffffffff,24,15
8431aa3ffffffff,6,39
84318c9ffffffff,0,19
841f64bffffffff,9,0
841f65dffffffff,9,0
84089a5ffffffff,17,0
841f659ffffffff,11,21
841134dffffffff,0,8
8411341ffffffff,0,12
8431b11ffffffff,41,20
8441a07ffffffff,6,2
8441a23ffffffff,23,18
8468447ffffffff,16,0
846840dffffffff,48,0
8468405ffffffff,42,15
8441033ffffffff,89,21
8441037ffffffff,49,0
8410f01ffffffff,12,0
8410f0dffffffff,31,2
8410f6bffffffff,1,19
8410f45ffffffff,0,37
8410a93ffffffff,0,9
8431a85ffffffff,4,12
84411ebffffffff,22,26
84309b9ffffffff,8,29
8430983ffffffff,0,2
8441b55ffffffff,11,5
8430219ffffffff,0,2
844b325ffffffff,0,10
844b327ffffffff,0,50
844b323ffffffff,58,16
844b33dffffffff,70,0
844b339ffffffff,9,0
8441109ffffffff,10,18
844110dffffffff,21,8
844116bffffffff,28,0
8441161ffffffff,35,0
8441165ffffffff,1,0
84309b7ffffffff,50,0
84309bbffffffff,0,10
842ab47ffffffff,40,95
8427a03ffffffff,53,38
8427a01ffffffff,30,0
8412ccdffffffff,71,24
8412cc1ffffffff,26,0
8428d8bffffffff,49,43
841242bffffffff,98,22
8428dcdffffffff,14,0
8428d13ffffffff,105,41
842baa3ffffffff,0,121
842b9a3ffffffff,48,4
8441723ffffffff,0,9
8441721ffffffff,0,13
8428d8dffffffff,28,0
8428d81ffffffff,86,7
842b81bffffffff,69,21
8428d89ffffffff,0,80
8428de1ffffffff,0,6
8412d05ffffffff,61,0
8412d63ffffffff,7,0
8412d29ffffffff,12,17
8412d03ffffffff,5,0
8412d0bffffffff,17,0
8412d01ffffffff,3,24
8412cd1ffffffff,82,39
841eeb9ffffffff,0,29
841ee87ffffffff,39,0
841ee85ffffffff,36,0
841ee8dffffffff,11,0
841eee3ffffffff,6,0
8431841ffffffff,8,0
8431845ffffffff,11,0
843184dffffffff,12,2
8431b13ffffffff,35,0
8431b1dffffffff,23,0
84414c1ffffffff,25,0
84414c3ffffffff,27,5
8441489ffffffff,34,27
844148bffffffff,0,19
8431819ffffffff,26,0
843181bffffffff,11,0
8410c85ffffffff,8,13
8410c8dffffffff,25,12
842af63ffffffff,7,32
842c0cdffffffff,0,5
842c0c1ffffffff,12,26
842c0c7ffffffff,6,1
84661e1ffffffff,5,0
84661e5ffffffff,41,0
8466133ffffffff,45,0
8466137ffffffff,4,0
8466131ffffffff,22,4
84b26b5ffffffff,3,22
84b24cbffffffff,7,14
84b24ddffffffff,20,12
84b24d1ffffffff,19,0
84b24d7ffffffff,3,0
84660e5ffffffff,28,0
84660e1ffffffff,29,0
84660e3ffffffff,19,28
846608dffffffff,0,4
8466a59ffffffff,29,1
8466a5dffffffff,58,0
84678b7ffffffff,38,4
8466a53ffffffff,18,9
8466a5bffffffff,6,18
8466ad5ffffffff,1,0
8466ac3ffffffff,30,3
8466acbffffffff,3,0
8466ac1ffffffff,39,4
8466acdffffffff,28,0
8466a43ffffffff,50,0
8466a47ffffffff,16,5
8466a45ffffffff,23,0
84661b9ffffffff,33,2
8466187ffffffff,42,0
8466185ffffffff,30,0
84661a9ffffffff,14,0
848e70bffffffff,1,6
848e757ffffffff,1,14
848e71dffffffff,31,8
84678bdffffffff,29,4
84678abffffffff,29,0
8467885ffffffff,22,0
846612dffffffff,11,13
8466125ffffffff,9,0
84b9b01ffffffff,0,18
84b9b0dffffffff,0,17
84b9b09ffffffff,24,7
84b9b47ffffffff,34,0
84b9b41ffffffff,37,0
84b9b49ffffffff,9,0
84121edffffffff,2,0
8412133ffffffff,31,0
841213bffffffff,10,0
8412131ffffffff,60,15
841213dffffffff,42,24
8412123ffffffff,0,36
8441187ffffffff,0,11
84411abffffffff,0,28
84411a3ffffffff,114,17
84411a7ffffffff,26,0
843ca31ffffffff,0,25
843ca3bffffffff,4,2
843ca33ffffffff,4,0
8428737ffffffff,3,12
8428735ffffffff,40,0
8428723ffffffff,15,0
8428727ffffffff,25,0
8428725ffffffff,18,0
8427197ffffffff,58,0
842626dffffffff,94,24
8441a33ffffffff,52,0
8441a37ffffffff,0,18
844184bffffffff,5,0
844184dffffffff,8,6
84309a9ffffffff,0,3
844194bffffffff,22,0
8441b35ffffffff,0,15
8441b27ffffffff,39,0
8441949ffffffff,14,0
841289dffffffff,0,31
84128d7ffffffff,38,17
84128d1ffffffff,35,0
842ad03ffffffff,25,1
842ad0bffffffff,28,3
844119bffffffff,30,0
8441199ffffffff,36,2
84411d7ffffffff,40,0
84309b3ffffffff,0,6
8448d6dffffffff,19,0
84488b3ffffffff,103,5
8442cc9ffffffff,25,12
8442ccbffffffff,70,7
8442cddffffffff,64,0
8442cd1ffffffff,34,0
8442cd7ffffffff,3,0
8441185ffffffff,0,3
8441a57ffffffff,34,0
8441a55ffffffff,23,3
8441a09ffffffff,7,0
8431ae3ffffffff,39,10
8431ae1ffffffff,31,0
8431ae9ffffffff,14,4
844ba57ffffffff,87,8
8441111ffffffff,60,4
8441113ffffffff,49,0
84411cdffffffff,21,23
8440349ffffffff,53,12
84411d9ffffffff,55,0
84411ddffffffff,67,9
84411cbffffffff,37,0
8441ae9ffffffff,12,30
8441aedffffffff,7,23
848d8cbffffffff,106,15
84bec21ffffffff,38,17
84bec29ffffffff,61,3
8441b57ffffffff,23,0
8441b53ffffffff,52,7
8441b19ffffffff,4,0
8441a25ffffffff,0,12
8441103ffffffff,0,11
844111dffffffff,0,18
844111bffffffff,1,0
84411a1ffffffff,41,0
84411b5ffffffff,0,25
8441005ffffffff,35,0
8441029ffffffff,39,0
844102dffffffff,33,12
8441a5bffffffff,23,0
8441129ffffffff,16,23
8441105ffffffff,0,4
8426cbdffffffff,90,101
842759bffffffff,140,66
8427593ffffffff,150,78
84446d5ffffffff,227,9
84446cbffffffff,119,60
842c0e3ffffffff,3,21
842c121ffffffff,0,43
842c127ffffffff,24,15
842c519ffffffff,0,12
84382bdffffffff,18,0
84382a3ffffffff,19,2
84382a7ffffffff,24,0
84380cdffffffff,15,0
842ab25ffffffff,11,14
8426565ffffffff,18,0
8426561ffffffff,26,18
8428323ffffffff,0,4
84075abffffffff,28,2
84075a3ffffffff,44,0
8406749ffffffff,9,37
8406741ffffffff,0,1
8429a4dffffffff,354,20
84be5d3ffffffff,61,13
84be5dbffffffff,12,0
8441b21ffffffff,0,15
844b361ffffffff,22,1
8441909ffffffff,21,0
844190bffffffff,26,0
8441957ffffffff,13,0
848000dffffffff,26,0
8480005ffffffff,40,0
848002bffffffff,35,3
8480021ffffffff,4,0
8480023ffffffff,13,0
8420195ffffffff,0,32
8420e69ffffffff,68,3
8420e6bffffffff,51,0
842c51bffffffff,0,12
842ce19ffffffff,5,2
842ce53ffffffff,43,1
842c085ffffffff,57,0
842c0abffffffff,33,0
842c0bdffffffff,2,0
842c087ffffffff,22,14
841fb09ffffffff,1,7
841fb43ffffffff,3,6
841fb55ffffffff,13,27
844cd3bffffffff,20,0
844cd31ffffffff,20,0
844cd33ffffffff,1,0
844cd37ffffffff,21,12
84672ddffffffff,0,32
84672d5ffffffff,0,15
842a345ffffffff,107,23
8428987ffffffff,20,9
84289bdffffffff,0,12
842a069ffffffff,33,0
842a313ffffffff,48,24
842db43ffffffff,18,0
842db47ffffffff,51,0
842db59ffffffff,0,12
843f493ffffffff,37,24
84bf4cbffffffff,113,8
8446483ffffffff,72,59
8446495ffffffff,30,0
8446497ffffffff,52,60
8446493ffffffff,27,64
8429b29ffffffff,271,51
8444f6dffffffff,323,80
8444f69ffffffff,32,0
8444f47ffffffff,7,0
8444f43ffffffff,175,60
843e68bffffffff,41,29
843e6d7ffffffff,50,7
843e699ffffffff,79,4
842d96dffffffff,85,48
842d965ffffffff,0,30
8442ce1ffffffff,14,0
8442ce9ffffffff,9,0
8442cedffffffff,15,0
8442c17ffffffff,32,0
8442c15ffffffff,35,6
8442c03ffffffff,39,4
8464a41ffffffff,18,0
8464a49ffffffff,68,13
8442a19ffffffff,35,9
8442a57ffffffff,13,13
8442a51ffffffff,33,0
8442a5dffffffff,4,0
842c991ffffffff,23,1
842c999ffffffff,11,0
842c8a5ffffffff,14,0
842c8adffffffff,11,0
84536ebffffffff,9,53
84536e9ffffffff,38,42
84536edffffffff,73,4
845363bffffffff,31,3
8453639ffffffff,16,1
8443307ffffffff,32,47
8443301ffffffff,34,37
844330bffffffff,48,50
8443355ffffffff,54,28
845362bffffffff,3,10
8453629ffffffff,30,2
845362dffffffff,18,3
845375bffffffff,35,0
8453759ffffffff,20,0
843e68dffffffff,46,0
843e681ffffffff,24,19
843e689ffffffff,0,2
842c567ffffffff,31,0
842ce51ffffffff,33,9
842c357ffffffff,0,4
843e6a5ffffffff,10,16
843e6adffffffff,28,0
843e45bffffffff,39,0
843e459ffffffff,13,0
842e611ffffffff,0,61
844a34dffffffff,3,9
844a349ffffffff,11,15
844a34bffffffff,13,17
844b1b7ffffffff,28,4
844b0e5ffffffff,19,11
844b0e1ffffffff,58,10
844b0ebffffffff,4,27
844b1c3ffffffff,23,4
844b1ddffffffff,34,0
844ba19ffffffff,35,0
844b125ffffffff,63,0
844b127ffffffff,0,18
841f9a5ffffffff,13,0
841f9adffffffff,29,0
84396dbffffffff,34,2
841f9e5ffffffff,43,0
843e6e1ffffffff,10,2
843e6ebffffffff,27,10
84c2c05ffffffff,20,4
84c2c0dffffffff,32,0
84c2c47ffffffff,27,0
84c2c43ffffffff,22,0
84c2c4bffffffff,16,0
84b91adffffffff,0,49
84b9adbffffffff,19,37
84b91e5ffffffff,0,10
8430d9bffffffff,40,17
842f593ffffffff,49,7
842e669ffffffff,45,0
842e66dffffffff,20,0
842e717ffffffff,0,7
842e715ffffffff,0,22
842e739ffffffff,0,12
842e707ffffffff,0,15
842e72bffffffff,0,27
8443351ffffffff,24,5
84536c5ffffffff,6,7
84536c7ffffffff,6,28
8453689ffffffff,24,26
84536d5ffffffff,7,4
842d351ffffffff,34,10
842d357ffffffff,44,66
84414d5ffffffff,26,12
84414d1ffffffff,5,0
84410e3ffffffff,30,0
844108dffffffff,17,17
8441081ffffffff,19,0
8469965ffffffff,13,1
848c9a1ffffffff,32,6
848c9a9ffffffff,34,3
8429a41ffffffff,430,49
8448597ffffffff,116,5
8448dddffffffff,29,0
8448dd9ffffffff,92,0
8412f6dffffffff,24,7
84be493ffffffff,0,34
841e517ffffffff,10,0
841e513ffffffff,14,33
841eecbffffffff,23,0
841eeddffffffff,32,0
841eed5ffffffff,62,1
841eed7ffffffff,96,0
841ee9dffffffff,30,4
841e561ffffffff,0,25
841e56dffffffff,11,28
841e0bbffffffff,30,0
8409ac5ffffffff,22,0
8409acdffffffff,33,0
8409127ffffffff,34,0
8409121ffffffff,16,16
842743dffffffff,0,4
8427423ffffffff,0,19
8427435ffffffff,0,51
8443a11ffffffff,0,15
8443a19ffffffff,0,8
8443a3bffffffff,0,52
8443a15ffffffff,0,19
84c2edbffffffff,8,22
84c2ed1ffffffff,11,15
84c2eddffffffff,27,24
8441b5bffffffff,11,0
84274d7ffffffff,14,1
842a927ffffffff,3,1
8427527ffffffff,163,20
8468511ffffffff,55,1
846851dffffffff,22,0
842c01bffffffff,21,28
842c013ffffffff,18,20
848d855ffffffff,16,0
848d843ffffffff,19,31
8465247ffffffff,14,0
8465261ffffffff,32,0
8428de9ffffffff,0,39
84a8101ffffffff,50,18
84a8103ffffffff,30,29
84a8129ffffffff,10,0
84a812dffffffff,45,0
84a8a53ffffffff,44,0
84a8a57ffffffff,18,4
84a82c5ffffffff,3,4
84a82e9ffffffff,19,16
84a82edffffffff,35,0
84a8233ffffffff,2,0
84a8aa3ffffffff,70,2
84a8aabffffffff,64,16
84a8a85ffffffff,31,0
84a88cdffffffff,6,2
84a88c9ffffffff,0,9
84a8107ffffffff,67,7
84a812bffffffff,46,3
84a8123ffffffff,13,14
8481301ffffffff,5,0
8481309ffffffff,40,0
8481343ffffffff,35,8
848134bffffffff,28,5
842e059ffffffff,16,1
842e237ffffffff,12,16
842e04bffffffff,0,36
842e041ffffffff,0,36
842e045ffffffff,0,4
84122abffffffff,15,12
8412287ffffffff,27,0
84122b9ffffffff,17,0
84651cbffffffff,22,0
84651c9ffffffff,37,6
8465027ffffffff,24,1
84651cdffffffff,12,25
846511bffffffff,37,18
841aa55ffffffff,0,50
8431823ffffffff,38,2
843183dffffffff,5,0
8431835ffffffff,25,0
8431839ffffffff,14,0
843183bffffffff,34,0
8431817ffffffff,39,0
8431813ffffffff,55,12
84318c5ffffffff,0,12
844cd43ffffffff,27,0
844cd41ffffffff,36,24
844cd4dffffffff,0,34
844b121ffffffff,38,5
844b12dffffffff,16,0
8430f5dffffffff,0,8
8430f43ffffffff,0,30
842e4dbffffffff,5,16
843d8cbffffffff,0,1
842e4d3ffffffff,0,8
84678b5ffffffff,0,3
84128e9ffffffff,0,24
84128ebffffffff,4,33
841288dffffffff,11,27
8412881ffffffff,11,11
8441607ffffffff,32,36
8441601ffffffff,33,2
844160bffffffff,30,0
8441655ffffffff,36,0
8465b2bffffffff,58,3
8465b21ffffffff,0,53
842c0e9ffffffff,0,4
8441321ffffffff,12,5
844132bffffffff,12,23
8441307ffffffff,0,15
8418cb7ffffffff,1,0
843564bffffffff,35,0
8435641ffffffff,38,0
8434139ffffffff,4,23
8435647ffffffff,4,0
8435645ffffffff,29,0
8434115ffffffff,4,5
845e5adffffffff,1,0
845eed3ffffffff,30,0
845ee99ffffffff,31,0
845ee9dffffffff,21,20
844d945ffffffff,3,8
842c237ffffffff,20,0
842c231ffffffff,35,0
842c23dffffffff,37,3
842c207ffffffff,8,29
842c205ffffffff,1,0
8461a2dffffffff,4,0
8461a21ffffffff,23,4
8461a27ffffffff,25,7
8461849ffffffff,32,8
846184bffffffff,0,2
8442d23ffffffff,0,3
8442d35ffffffff,22,0
8460d35ffffffff,3,0
8460f2dffffffff,11,0
8460f65ffffffff,0,12
8460f6dffffffff,0,5
8442c47ffffffff,0,23
8442c09ffffffff,0,37
8442c01ffffffff,0,7
8442c0bffffffff,0,21
843db57ffffffff,0,3
843db53ffffffff,16,20
843da2dffffffff,15,21
843da67ffffffff,6,0
843da29ffffffff,37,0
843da05ffffffff,3,0
843d86bffffffff,0,22
843d861ffffffff,10,2
843d867ffffffff,24,51
843d82dffffffff,0,3
84618c3ffffffff,82,7
84618ddffffffff,32,0
8443acdffffffff,67,20
843d95bffffffff,0,1
8460a2dffffffff,54,0
8460a29ffffffff,17,0
8460a67ffffffff,3,0
8460a21ffffffff,35,0
841f403ffffffff,5,0
841f407ffffffff,11,22
841f405ffffffff,0,7
841f429ffffffff,0,36
841f551ffffffff,0,6
845e463ffffffff,54,18
845e429ffffffff,33,17
845e42bffffffff,8,9
842e1b9ffffffff,0,45
8430d97ffffffff,0,5
842e751ffffffff,0,3
842e70dffffffff,0,11
842e705ffffffff,0,7
842e701ffffffff,0,35
842e709ffffffff,0,32
842e70bffffffff,0,5
842e2b5ffffffff,70,15
842e617ffffffff,0,16
844b6adffffffff,9,13
844b453ffffffff,12,0
844b457ffffffff,29,3
842e765ffffffff,0,22
844b6b9ffffffff,35,0
844b695ffffffff,27,0
844b697ffffffff,11,0
848ca19ffffffff,1,0
848ca1dffffffff,2,1
840c613ffffffff,2,0
840c617ffffffff,4,10
844b1b1ffffffff,1,0
844b1bdffffffff,6,0
844b1b5ffffffff,22,0
844b1a3ffffffff,27,0
844b1a7ffffffff,34,0
844ba9bffffffff,20,4
848f5e5ffffffff,7,0
848f533ffffffff,44,2
848f531ffffffff,36,3
848f539ffffffff,24,0
848f5cbffffffff,18,0
848f5c3ffffffff,15,18
848f5d5ffffffff,4,37
848f58bffffffff,0,29
844d9e7ffffffff,0,32
8444927ffffffff,4,13
844d937ffffffff,11,0
844cee5ffffffff,2,0
844cee7ffffffff,33,12
844cd49ffffffff,3,0
844cf23ffffffff,13,0
844cf27ffffffff,11,0
844cf21ffffffff,35,4
844cf29ffffffff,4,15
844cf67ffffffff,0,28
842acadffffffff,19,0
842aca5ffffffff,6,20
842ad9bffffffff,23,18
842ad93ffffffff,21,0
842ad97ffffffff,11,0
842ae39ffffffff,9,0
842ae15ffffffff,13,0
842ae3bffffffff,12,22
842aeedffffffff,28,27
842aee1ffffffff,26,1
84660a7ffffffff,18,0
84660a1ffffffff,11,0
84c3427ffffffff,4,20
84c3425ffffffff,15,18
84c342dffffffff,2,6
84a9667ffffffff,4,2
84a962dffffffff,20,13
84a9753ffffffff,2,0
84a9625ffffffff,25,0
84a9719ffffffff,23,1
84a971bffffffff,0,4
84a9711ffffffff,0,22
84c3587ffffffff,4,0
84c3581ffffffff,32,7
8430e0bffffffff,79,9
8430c67ffffffff,82,1
8430c61ffffffff,21,26
8430c63ffffffff,17,33
8430ce9ffffffff,0,1
8430cebffffffff,24,12
8430c8dffffffff,26,0
8430c89ffffffff,20,0
8430c81ffffffff,6,0
8430c8bffffffff,29,0
8430c9dffffffff,3,0
84da817ffffffff,25,12
84da815ffffffff,45,0
848cac5ffffffff,5,3
848cacdffffffff,10,28
848c127ffffffff,31,6
848c121ffffffff,33,0
842d84bffffffff,0,26
842d855ffffffff,0,1
842d809ffffffff,37,1
842d801ffffffff,1,0
842d065ffffffff,12,0
842d159ffffffff,0,7
842d15bffffffff,0,14
84536d7ffffffff,5,18
845368bffffffff,41,47
845369bffffffff,61,0
8453699ffffffff,42,24
845369dffffffff,25,30
8460817ffffffff,11,5
84608e9ffffffff,33,0
84608e1ffffffff,15,0
84608ebffffffff,9,0
84608e3ffffffff,33,0
8460885ffffffff,15,0
8413845ffffffff,27,0
8413b13ffffffff,29,0
8413b11ffffffff,5,12
8430c6bffffffff,19,0
8430c2dffffffff,55,14
8430d53ffffffff,18,26
8430c15ffffffff,22,0
8430c11ffffffff,26,11
8430c19ffffffff,37,0
8430c57ffffffff,6,0
8430c53ffffffff,22,0
8430c51ffffffff,11,0
8430c31ffffffff,73,2
8430c3dffffffff,9,0
8430c35ffffffff,30,18
8430c23ffffffff,0,20
8430c27ffffffff,11,1
84bed33ffffffff,10,25
84bed37ffffffff,39,0
849d2ddffffffff,33,0
849d2c3ffffffff,14,0
8430d19ffffffff,0,18
848c9bbffffffff,9,0
848c9bdffffffff,35,3
848c9a3ffffffff,15,2
8420e63ffffffff,6,8
8420e0dffffffff,0,15
8420e05ffffffff,0,2
84279cbffffffff,26,1
842a317ffffffff,132,6
8441613ffffffff,11,0
844161bffffffff,29,1
84416cdffffffff,1,0
8465927ffffffff,9,32
8465923ffffffff,0,5
8453755ffffffff,55,14
8453709ffffffff,90,6
8453747ffffffff,46,12
845376bffffffff,11,0
8453745ffffffff,12,1
8453769ffffffff,0,7
842b349ffffffff,17,2
841b92dffffffff,13,11
841b929ffffffff,18,15
841b905ffffffff,12,12
8466d25ffffffff,2,0
8466d2dffffffff,7,6
8466d67ffffffff,9,21
8466d61ffffffff,0,10
841ee89ffffffff,0,4
841eec7ffffffff,0,36
841eec1ffffffff,0,14
841eec5ffffffff,6,11
841eecdffffffff,35,0
841ee1bffffffff,15,0
84b2c5dffffffff,4,2
84b2e37ffffffff,10,24
84b2c4bffffffff,0,2
84b2c55ffffffff,58,10
84b2c43ffffffff,45,0
84342dbffffffff,26,5
84342d3ffffffff,42,0
8434299ffffffff,8,0
84a9017ffffffff,27,1
84a9013ffffffff,40,0
84b2513ffffffff,1,0
84b251bffffffff,21,22
84b2427ffffffff,2,6
842a8d9ffffffff,141,24
84674cdffffffff,36,2
84676a7ffffffff,32,3
84676a3ffffffff,24,12
847c64dffffffff,0,12
847d5b7ffffffff,0,12
847c0ebffffffff,0,11
842db49ffffffff,33,0
843f497ffffffff,26,0
843f49bffffffff,14,11
842db4dffffffff,0,30
843e65bffffffff,0,35
842b301ffffffff,12,0
842b309ffffffff,28,6
842b343ffffffff,31,0
842b341ffffffff,3,0
842b34bffffffff,24,0
848e75bffffffff,7,0
848e751ffffffff,6,0
848e759ffffffff,27,11
848e75dffffffff,8,1
848f5b7ffffffff,23,16
848f5b5ffffffff,22,0
84b24e1ffffffff,2,0
84b24e5ffffffff,21,8
84b2433ffffffff,30,14
84b2431ffffffff,2,0
848e4d1ffffffff,7,12
848e4ddffffffff,19,0
848e4cbffffffff,42,0
848e4c9ffffffff,14,0
8429a49ffffffff,15,0
843f6c7ffffffff,32,0
843f6c5ffffffff,3,0
843f6c1ffffffff,36,0
843f6cdffffffff,3,0
843f6c9ffffffff,35,0
842d365ffffffff,9,3
842852bffffffff,8,0
842853dffffffff,11,0
8428507ffffffff,36,12
842851dffffffff,0,6
849c28dffffffff,7,15
849c2e3ffffffff,12,40
849c2e1ffffffff,24,23
84b9139ffffffff,15,0
84b9131ffffffff,0,46
841e5e5ffffffff,2,0
841eed9ffffffff,37,0
841eed1ffffffff,26,11
841eed3ffffffff,11,0
841ee99ffffffff,8,0
8448955ffffffff,104,10
8448957ffffffff,30,0
842a897ffffffff,100,12
843e623ffffffff,8,32
843e719ffffffff,0,13
843e705ffffffff,0,3
843e69dffffffff,0,13
843e63bffffffff,4,14
84532c3ffffffff,0,13
84532d1ffffffff,7,0
8453621ffffffff,14,0
8453623ffffffff,47,0
845363dffffffff,32,0
8453631ffffffff,56,6
8453633ffffffff,54,32
84536b1ffffffff,71,2
84536bdffffffff,65,1
844cc43ffffffff,75,30
84262ebffffffff,115,6
84b9b0bffffffff,0,45
84b9b1dffffffff,0,7
84b9b11ffffffff,0,10
840c1b5ffffffff,160,59
8428d17ffffffff,0,90
840c1bdffffffff,118,32
840c1a3ffffffff,17,58
8426c89ffffffff,149,13
842a8b5ffffffff,35,0
842a8b1ffffffff,26,26
8426763ffffffff,46,2
842676bffffffff,29,0
8426747ffffffff,88,18
842665dffffffff,36,67
84464e1ffffffff,249,155
84464e3ffffffff,206,31
845d169ffffffff,23,0
842830bffffffff,30,18
8428303ffffffff,30,1
8428d5dffffffff,105,184
8429941ffffffff,23,0
8429947ffffffff,86,12
8426c85ffffffff,182,12
8426e07ffffffff,57,1
8426e39ffffffff,8,0
8428f4bffffffff,78,6
8428f43ffffffff,14,0
8448c81ffffffff,4,4
84264edffffffff,72,12
842696bffffffff,51,7
842690dffffffff,19,0
8426cd5ffffffff,0,5
8426c8bffffffff,16,100
842a8c1ffffffff,80,31
8444ccdffffffff,99,33
842ab27ffffffff,4,88
8429a51ffffffff,17,48
8429a55ffffffff,10,46
840c551ffffffff,29,0
840c55bffffffff,0,85
840c54bffffffff,62,9
8426c19ffffffff,9,5
8426c1dffffffff,14,40
8429a11ffffffff,87,8
842669dffffffff,0,50
842668bffffffff,27,0
842830dffffffff,206,243
84260a9ffffffff,0,28
84260adffffffff,0,33
8429a09ffffffff,74,0
8429a0dffffffff,43,4
8426669ffffffff,36,85
842a8cdffffffff,69,0
842a8c9ffffffff,22,0
8428f03ffffffff,30,12
84446ddffffffff,14,28
84446c3ffffffff,118,38
8444aebffffffff,140,22
84488a7ffffffff,152,17
8444689ffffffff,102,48
8426281ffffffff,165,208
8426717ffffffff,53,4
84260bdffffffff,12,12
84274b1ffffffff,74,12
8429a57ffffffff,305,128
8426239ffffffff,0,5
84262c9ffffffff,30,31
8466315ffffffff,22,0
8466303ffffffff,41,0
8466301ffffffff,22,12
84274d3ffffffff,12,0
84274dbffffffff,3,15
8428329ffffffff,118,3
8444c0dffffffff,56,19
8426533ffffffff,81,5
8426531ffffffff,13,5
840c733ffffffff,0,24
840c559ffffffff,31,66
840c509ffffffff,32,37
840c555ffffffff,167,47
840cec3ffffffff,0,64
84260b3ffffffff,116,5
842759dffffffff,21,12
842ad35ffffffff,13,0
8444d35ffffffff,62,25
8448937ffffffff,25,38
84464b9ffffffff,72,137
8426e8dffffffff,96,12
840cad3ffffffff,9,0
840c1a5ffffffff,13,64
84275d1ffffffff,53,68
842836bffffffff,197,207
8428361ffffffff,20,0
8428d55ffffffff,19,26
8428d0bffffffff,129,62
8429849ffffffff,50,0
842984dffffffff,69,83
84139e3ffffffff,9,0
84139e1ffffffff,126,25
842661bffffffff,86,22
8428301ffffffff,13,38
8426519ffffffff,21,0
842651dffffffff,34,12
8426287ffffffff,97,51
8426c87ffffffff,63,47
84299cbffffffff,61,5
84299c3ffffffff,55,0
84275c5ffffffff,285,21
8426e51ffffffff,0,9
8448cd3ffffffff,39,0
8448c99ffffffff,61,12
84262e5ffffffff,12,0
8426233ffffffff,32,5
842666dffffffff,119,15
8444ee1ffffffff,14,14
8444ee7ffffffff,51,0
842b8cbffffffff,116,5
8426661ffffffff,164,171
842608dffffffff,70,19
84464e7ffffffff,16,0
840d5a9ffffffff,81,3
84274cbffffffff,89,17
84275cbffffffff,29,4
8426537ffffffff,64,63
84139edffffffff,0,26
8444a8dffffffff,162,21
8429137ffffffff,96,18
84288d1ffffffff,77,0
84288d5ffffffff,20,17
84122a9ffffffff,22,0
845d105ffffffff,26,14
8428b51ffffffff,27,12
840cf49ffffffff,23,16
840c531ffffffff,35,7
840c539ffffffff,73,6
8426cbbffffffff,2,0
8426cb1ffffffff,82,16
8427587ffffffff,76,0
84275bdffffffff,124,12
84260abffffffff,107,14
8429a0bffffffff,131,75
8426cb9ffffffff,5,7
8428309ffffffff,34,86
8426413ffffffff,0,16
8429aebffffffff,32,14
8426441ffffffff,13,106
842aacdffffffff,110,11
8426457ffffffff,62,7
8426ca9ffffffff,166,14
8444ac5ffffffff,13,40
840c73bffffffff,0,11
840c739ffffffff,0,17
8444ae3ffffffff,57,0
84275a5ffffffff,35,12
8448ebbffffffff,151,72
842664dffffffff,59,54
8427591ffffffff,110,107
842628dffffffff,61,24
8426289ffffffff,36,0
84288e7ffffffff,78,5
840cee9ffffffff,104,5
840c543ffffffff,215,37
84275cdffffffff,30,0
84275b9ffffffff,23,0
84260b7ffffffff,97,15
84489ebffffffff,118,2
8444a81ffffffff,10,0
842755bffffffff,48,4
8427553ffffffff,7,0
8426ed7ffffffff,16,0
8426e99ffffffff,74,31
8428d43ffffffff,16,23
8428d4bffffffff,102,77
842ab3bffffffff,12,0
842ab39ffffffff,55,12
8444d51ffffffff,29,0
8444d5dffffffff,23,12
8428d69ffffffff,0,2
8426645ffffffff,5,12
842a14bffffffff,29,0
842a15dffffffff,81,11
8426627ffffffff,0,20
842644dffffffff,0,36
840c55dffffffff,77,48
842a8a9ffffffff,0,9
842a885ffffffff,0,24
8426ee3ffffffff,119,22
8426283ffffffff,99,13
845d145ffffffff,0,19
8448e95ffffffff,98,3
842aeadffffffff,14,0
842aee7ffffffff,20,0
842ae17ffffffff,14,0
842672dffffffff,5,12
84262adffffffff,57,0
84262a1ffffffff,60,4
8426cabffffffff,128,192
8444ea7ffffffff,34,0
8426461ffffffff,52,57
8426463ffffffff,12,1
8426057ffffffff,118,3
8444a19ffffffff,49,12
8444125ffffffff,59,1
8445595ffffffff,0,2
8445591ffffffff,0,18
8445593ffffffff,18,38
8444dd1ffffffff,54,12
8428d11ffffffff,42,11
840c731ffffffff,93,9
842660bffffffff,42,14
8426657ffffffff,28,0
840c735ffffffff,30,0
840c737ffffffff,39,20
8428307ffffffff,110,3
8428305ffffffff,8,9
8429a45ffffffff,108,35
8428345ffffffff,50,41
8427597ffffffff,48,89
8426187ffffffff,16,21
8426181ffffffff,15,0
8426183ffffffff,15,0
8412d87ffffffff,27,13
842a301ffffffff,11,0
842a30dffffffff,57,12
842a9a7ffffffff,0,18
8426ca3ffffffff,68,20
8428363ffffffff,11,12
84274bdffffffff,82,19
8444e5bffffffff,0,19
8428a95ffffffff,45,0
8428a91ffffffff,52,13
8444dd5ffffffff,122,30
8444dc3ffffffff,10,19
8429a17ffffffff,21,5
84260b5ffffffff,113,8
8426e95ffffffff,17,4
8426eb9ffffffff,24,60
8426e83ffffffff,0,7
842a997ffffffff,8,12
844440dffffffff,48,0
844446bffffffff,51,12
842a9b3ffffffff,35,3
842a9bbffffffff,47,0
8426409ffffffff,14,0
8446487ffffffff,37,112
8444a95ffffffff,81,41
8428f5dffffffff,19,4
8444a11ffffffff,59,25
8429b25ffffffff,53,12
8427583ffffffff,117,4
84260bbffffffff,51,2
84260b9ffffffff,49,0
842628bffffffff,118,3
84262edffffffff,23,8
842623bffffffff,65,0
8444abbffffffff,15,0
84281ebffffffff,14,14
8428f29ffffffff,0,9
8428f63ffffffff,0,11
8428f05ffffffff,5,34
8466895ffffffff,0,9
84668bbffffffff,0,29
8466d6dffffffff,9,20
8444f61ffffffff,105,14
8426dc1ffffffff,24,13
8428315ffffffff,31,0
842674dffffffff,0,8
842986bffffffff,59,48
840c73dffffffff,149,14
8444525ffffffff,0,12
8444e53ffffffff,0,15
842649bffffffff,100,2
8426567ffffffff,61,12
8444c45ffffffff,3,0
8444f13ffffffff,33,12
8444a13ffffffff,87,32
8426e53ffffffff,106,2
8444a1bffffffff,11,0
8444dddffffffff,0,14
84269c9ffffffff,3,2
842b8d7ffffffff,27,12
8429ab5ffffffff,9,0
84298c9ffffffff,52,0
8429aa7ffffffff,0,3
842641bffffffff,62,0
84264cdffffffff,23,0
84266a7ffffffff,34,2
842629bffffffff,22,4
8426293ffffffff,75,10
842aa4bffffffff,22,16
8426591ffffffff,0,83
84266a1ffffffff,51,0
84266adffffffff,12,12
8429a15ffffffff,77,0
84260e3ffffffff,94,12
84139e9ffffffff,28,0
8444e57ffffffff,12,42
8444e55ffffffff,2,16
84291a5ffffffff,4,12
8444133ffffffff,3,0
84441e5ffffffff,68,13
8426715ffffffff,0,74
8429a27ffffffff,0,7
8444c63ffffffff,0,7
84be631ffffffff,98,12
842b1a9ffffffff,15,1
843e691ffffffff,0,2
843e695ffffffff,19,24
843e683ffffffff,44,33
843e687ffffffff,9,4
843e685ffffffff,10,19
8464b69ffffffff,24,27
8410dd9ffffffff,3,0
8410ce5ffffffff,11,0
8410c33ffffffff,8,16
8410c39ffffffff,7,12
840bb67ffffffff,51,4
849c233ffffffff,43,31
849c23bffffffff,46,1
8430c17ffffffff,17,0
8430c13ffffffff,17,12
842a5ddffffffff,30,4
842a5d5ffffffff,30,2
842a58bffffffff,30,0
842a581ffffffff,20,0
842a583ffffffff,5,0
8442137ffffffff,2,0
8442ad9ffffffff,40,1
8442adbffffffff,38,0
8442ad3ffffffff,24,3
84421a5ffffffff,13,0
842d943ffffffff,36,6
842d909ffffffff,31,6
8442127ffffffff,3,0
8442ac9ffffffff,17,2
84be715ffffffff,0,101
84424d1ffffffff,29,17
84424ddffffffff,46,0
84424c3ffffffff,44,4
8460025ffffffff,5,14
846011bffffffff,1,3
8428cb7ffffffff,9,1
84129b5ffffffff,34,0
84129b7ffffffff,21,0
8468645ffffffff,22,0
8468647ffffffff,27,0
846860dffffffff,23,17
84696edffffffff,33,0
846963bffffffff,8,14
8469615ffffffff,0,27
84694edffffffff,192,6
8469417ffffffff,101,3
84685e3ffffffff,31,31
848c167ffffffff,21,0
848c129ffffffff,48,2
848c89bffffffff,0,43
848c893ffffffff,0,12
848cd45ffffffff,10,13
848cd6bffffffff,15,0
842a133ffffffff,21,0
842a137ffffffff,7,0
842a131ffffffff,89,3
840b859ffffffff,0,6
840b85bffffffff,0,23
840b851ffffffff,20,8
841f81bffffffff,45,0
841faa7ffffffff,58,18
842a8dbffffffff,32,0
8442193ffffffff,0,34
844219bffffffff,0,34
8442199ffffffff,24,15
84421d7ffffffff,11,3
8411a6bffffffff,0,12
8411a29ffffffff,0,25
841f443ffffffff,0,15
841f40dffffffff,0,29
841f463ffffffff,0,36
841f467ffffffff,0,4
841f735ffffffff,12,11
8411857ffffffff,0,9
842c2a9ffffffff,13,0
8410815ffffffff,0,9
843e6ddffffffff,5,13
842db25ffffffff,31,0
842db27ffffffff,0,21
842db63ffffffff,0,12
842da21ffffffff,73,8
843e44bffffffff,4,0
843e45dffffffff,45,0
843e455ffffffff,20,0
843e451ffffffff,19,3
843e457ffffffff,0,12
848cf25ffffffff,0,6
84c9927ffffffff,0,18
84a8c25ffffffff,16,6
84a810bffffffff,0,7
84a8157ffffffff,0,47
84b84e9ffffffff,5,12
84b84c5ffffffff,20,4
842ca57ffffffff,3,18
842c167ffffffff,28,0
842c163ffffffff,5,0
842c215ffffffff,0,26
842c2edffffffff,13,23
849d543ffffffff,33,0
849d541ffffffff,38,2
849d545ffffffff,0,25
849c051ffffffff,0,18
849c05dffffffff,21,12
849c237ffffffff,63,7
842c809ffffffff,9,4
842c80dffffffff,28,14
842c805ffffffff,37,5
8442f05ffffffff,0,2
8442f63ffffffff,0,36
8442f45ffffffff,0,12
8442a93ffffffff,12,1
844218dffffffff,20,0
8442181ffffffff,40,11
8442187ffffffff,9,2
8442183ffffffff,16,1
84421b9ffffffff,30,6
84421bbffffffff,0,1
842c165ffffffff,34,37
842c161ffffffff,26,61
8453757ffffffff,66,0
8453617ffffffff,39,2
8453615ffffffff,23,12
8453603ffffffff,6,4
841eeb1ffffffff,5,0
841eeb7ffffffff,11,0
841eeb3ffffffff,25,6
842d24dffffffff,35,1
8461181ffffffff,0,4
8461183ffffffff,2,0
8465845ffffffff,0,34
8465b13ffffffff,12,19
8465b1bffffffff,0,30
8465b19ffffffff,83,45
842c863ffffffff,11,0
842c86bffffffff,12,4
8453655ffffffff,15,0
845360bffffffff,54,0
8453657ffffffff,4,0
845361dffffffff,60,1
8453611ffffffff,31,1
8453613ffffffff,4,0
84536b9ffffffff,21,0
84536bbffffffff,44,7
8443a49ffffffff,0,6
842d261ffffffff,0,13
842ca2bffffffff,28,0
842ca05ffffffff,55,0
842ca01ffffffff,78,0
842ca0bffffffff,53,57
842ca55ffffffff,0,26
842ca51ffffffff,57,13
842ca5bffffffff,47,47
842c16bffffffff,0,12
842b8e3ffffffff,91,18
842b8e7ffffffff,4,1
84489abffffffff,35,16
84489bdffffffff,58,12
84be88bffffffff,0,77
84182e1ffffffff,78,21
84182e7ffffffff,22,0
84b916dffffffff,17,9
84b9161ffffffff,28,0
84be8d9ffffffff,0,57
844468bffffffff,65,12
8453625ffffffff,10,0
8453753ffffffff,18,2
845534bffffffff,35,0
8455341ffffffff,7,0
8455343ffffffff,28,0
8455347ffffffff,20,24
845530dffffffff,7,0
842aa87ffffffff,0,9
842af0dffffffff,94,2
841f8e1ffffffff,0,10
842a333ffffffff,37,108
842a331ffffffff,23,0
84536e1ffffffff,0,31
842da29ffffffff,5,16
842da43ffffffff,0,19
842da47ffffffff,1,21
842da6bffffffff,0,39
842a91dffffffff,3,0
842a90bffffffff,37,0
842a957ffffffff,113,6
846753dffffffff,6,0
8467507ffffffff,17,19
8467501ffffffff,7,30
849d5cbffffffff,26,12
849d5ddffffffff,56,5
8439435ffffffff,15,0
8439423ffffffff,29,0
84395c9ffffffff,55,19
8434669ffffffff,56,1
8434645ffffffff,0,6
843466bffffffff,48,5
8434647ffffffff,5,0
84c2e31ffffffff,23,26
840bb63ffffffff,35,0
840bb29ffffffff,9,24
840bb2dffffffff,0,12
8421491ffffffff,28,0
8421497ffffffff,27,5
840bb4bffffffff,33,10
840bb43ffffffff,18,0
8425401ffffffff,0,8
842540dffffffff,15,14
842c605ffffffff,23,13
8425713ffffffff,50,28
842571bffffffff,2,2
842da2dffffffff,7,0
842da67ffffffff,21,21
842da63ffffffff,31,17
842da0dffffffff,14,10
84bf4b3ffffffff,29,1
84bf4bbffffffff,24,0
84bf4b1ffffffff,27,0
84b981dffffffff,0,7
84b9857ffffffff,18,26
84b9851ffffffff,19,0
84b985dffffffff,30,0
842c017ffffffff,19,2
8442601ffffffff,0,11
842c015ffffffff,2,0
8494a55ffffffff,1,3
848d953ffffffff,21,0
848d957ffffffff,24,14
848d91dffffffff,0,12
84ceaa7ffffffff,2,0
84ce8cdffffffff,1,2
84ce8c5ffffffff,12,0
84ce8ebffffffff,0,14
8429937ffffffff,6,0
8429933ffffffff,34,0
8429931ffffffff,19,0
842993bffffffff,37,8
8429939ffffffff,0,12
846619bffffffff,2,0
8466193ffffffff,14,24
8466e69ffffffff,6,25
8466e63ffffffff,16,0
844b097ffffffff,10,14
844b0bbffffffff,14,14
844b0b3ffffffff,14,12
844b0b7ffffffff,36,0
844a24bffffffff,7,0
844b6a9ffffffff,0,3
844b40bffffffff,16,0
8444eddffffffff,37,0
8444537ffffffff,14,0
8444ed9ffffffff,48,22
842d1c7ffffffff,0,12
843e409ffffffff,0,5
8441035ffffffff,102,0
84411c9ffffffff,27,0
843e41dffffffff,6,12
843e413ffffffff,0,11
8453495ffffffff,0,3
8453493ffffffff,4,0
8443b51ffffffff,4,13
84439cbffffffff,0,7
8443835ffffffff,1,2
8443823ffffffff,19,0
844382bffffffff,2,0
84218b3ffffffff,0,2
8420a59ffffffff,0,12
84be08dffffffff,1,19
8426ea9ffffffff,27,0
8429563ffffffff,0,12
842956bffffffff,16,0
8444255ffffffff,2,0
844420bffffffff,35,0
844421dffffffff,30,0
8444219ffffffff,27,7
844421bffffffff,5,15
84485b7ffffffff,23,0
84485b1ffffffff,54,16
842c0bbffffffff,6,1
8439823ffffffff,5,0
84399c9ffffffff,31,0
84399cdffffffff,18,19
8439913ffffffff,38,0
8439917ffffffff,6,0
84a833dffffffff,20,0
84a8323ffffffff,14,3
84a8335ffffffff,8,0
84a8149ffffffff,34,0
84a8141ffffffff,41,0
84a8147ffffffff,1,0
84a8d19ffffffff,30,0
84a8d1bffffffff,42,14
84a8dcdffffffff,4,15
84344abffffffff,3,0
84344bdffffffff,15,4
84344a3ffffffff,13,7
84344b5ffffffff,21,10
8455a49ffffffff,0,5
8455a4bffffffff,0,33
8480a0bffffffff,16,0
8480a03ffffffff,42,0
8480a39ffffffff,20,25
8434247ffffffff,28,0
843426bffffffff,15,0
8434263ffffffff,0,55
8434267ffffffff,0,2
842b707ffffffff,4,0
842b73dffffffff,38,0
842b723ffffffff,30,3
842b549ffffffff,46,0
8455a09ffffffff,11,5
8455a0dffffffff,8,0
8455a01ffffffff,17,0
842d4dbffffffff,0,4
842d4d3ffffffff,0,7
842c1e3ffffffff,0,1
842c1a3ffffffff,1,1
842c845ffffffff,26,4
843f661ffffffff,0,12
848c9d3ffffffff,6,0
848c9dbffffffff,18,23
848c9d9ffffffff,12,10
848c833ffffffff,39,8
848c83bffffffff,4,1
8465025ffffffff,12,0
84651c5ffffffff,13,28
84651ebffffffff,7,0
842c233ffffffff,4,8
842d1b5ffffffff,0,18
842d317ffffffff,0,9
842d06dffffffff,0,14
843e63dffffffff,18,0
843e62bffffffff,40,0
843e605ffffffff,29,10
843e60dffffffff,24,0
842d355ffffffff,29,28
842d23dffffffff,30,0
842d231ffffffff,35,0
842d233ffffffff,32,0
842d059ffffffff,5,14
8461a29ffffffff,18,12
8461a2bffffffff,16,1
8461a23ffffffff,1,0
842d30bffffffff,12,28
842d303ffffffff,25,4
842c203ffffffff,0,11
842c239ffffffff,2,50
842c23bffffffff,78,0
842c011ffffffff,8,1
842c0b5ffffffff,16,0
842ce5dffffffff,26,0
842ce57ffffffff,8,0
842c867ffffffff,0,10
842c84dffffffff,29,0
842c843ffffffff,23,0
842c847ffffffff,13,12
842c829ffffffff,3,0
842d067ffffffff,0,6
842d02dffffffff,0,24
842d025ffffffff,0,29
841ec93ffffffff,47,0
841ec91ffffffff,68,6
842d029ffffffff,0,8
842c565ffffffff,58,2
842d35dffffffff,32,0
841e2ddffffffff,17,0
842ca3dffffffff,21,0
842ca07ffffffff,39,0
842c2d9ffffffff,0,22
842c2dbffffffff,0,18
8411369ffffffff,0,24
8428b0bffffffff,26,1
8428b09ffffffff,16,0
84659e1ffffffff,28,4
84659edffffffff,0,5
84a8e6bffffffff,1,0
84a8e47ffffffff,36,0
84a8e09ffffffff,38,4
84a8e0bffffffff,0,41
84a8e1dffffffff,0,1
844b037ffffffff,21,0
844b1d9ffffffff,22,16
844a265ffffffff,7,0
844b1cbffffffff,40,0
8430eb3ffffffff,0,1
842e49bffffffff,0,20
8430cdbffffffff,0,20
842e4d9ffffffff,15,0
8430183ffffffff,0,5
8430c3bffffffff,3,0
8430c39ffffffff,20,0
8419727ffffffff,0,121
841f18bffffffff,0,141
842c337ffffffff,16,37
842c15dffffffff,0,69
842c155ffffffff,0,35
842c10bffffffff,0,27
842c101ffffffff,0,6
84532d7ffffffff,8,12
8453299ffffffff,30,0
8443191ffffffff,10,0
8442243ffffffff,0,5
842d04dffffffff,92,47
842d045ffffffff,9,64
842d047ffffffff,0,35
842d06bffffffff,0,20
842d00dffffffff,0,43
842d005ffffffff,0,11
842d229ffffffff,10,0
842d22bffffffff,4,0
842d221ffffffff,61,0
842d227ffffffff,85,0
842d26bffffffff,0,34
841ecc7ffffffff,0,3
8418343ffffffff,6,2
841835dffffffff,23,3
8418351ffffffff,16,0
8418359ffffffff,7,0
841835bffffffff,8,0
842d041ffffffff,0,1
842c96dffffffff,23,0
842c965ffffffff,37,0
8453749ffffffff,11,0
842c309ffffffff,0,11
842c301ffffffff,0,34
842c303ffffffff,0,3
842c307ffffffff,0,26
842c339ffffffff,0,19
842c33dffffffff,32,10
842c331ffffffff,10,18
842c105ffffffff,0,14
842c12bffffffff,0,43
842ca1bffffffff,7,0
8453609ffffffff,7,0
842c335ffffffff,10,0
8442a11ffffffff,1,0
8442a53ffffffff,1,0
8442a59ffffffff,5,6
8442d3bffffffff,21,0
8442d15ffffffff,21,8
8442d1dffffffff,0,32
8442d0bffffffff,0,9
8442d57ffffffff,8,8
8442d55ffffffff,0,3
846503bffffffff,3,1
8465057ffffffff,27,0
8465055ffffffff,3,0
84438adffffffff,2,18
84438a9ffffffff,24,0
84438e3ffffffff,27,0
84424c1ffffffff,25,0
8453681ffffffff,0,12
845368dffffffff,0,31
8443125ffffffff,93,0
8443127ffffffff,28,0
84438a7ffffffff,0,19
84438a5ffffffff,0,16
84438a1ffffffff,0,15
8443ac5ffffffff,51,0
8443a13ffffffff,31,0
8444609ffffffff,2,0
8444643ffffffff,2,0
8444647ffffffff,39,0
8444641ffffffff,2,0
8444645ffffffff,21,23
8448a99ffffffff,19,13
8449827ffffffff,2,0
84499cbffffffff,47,37
84446c7ffffffff,16,0
841e251ffffffff,9,0
841e25dffffffff,1,0
841e259ffffffff,21,0
841f0b7ffffffff,31,0
841f0b1ffffffff,30,5
841f0b9ffffffff,3,19
841f087ffffffff,0,2
842745bffffffff,11,0
8427459ffffffff,22,0
84276e5ffffffff,9,2
8427633ffffffff,29,4
842763bffffffff,0,19
8464121ffffffff,4,0
8464127ffffffff,40,0
8464acdffffffff,26,15
8464ac5ffffffff,6,17
8442ea3ffffffff,4,16
840c881ffffffff,0,4
840c8d7ffffffff,15,0
8420ac3ffffffff,7,1
8420ac7ffffffff,17,0
8420ac1ffffffff,28,5
8420ac5ffffffff,8,0
8420acdffffffff,28,0
8421349ffffffff,15,5
8421341ffffffff,37,0
8421347ffffffff,38,0
842130dffffffff,10,0
8444d8bffffffff,14,0
8465a67ffffffff,7,24
8465a61ffffffff,20,34
8465a69ffffffff,12,0
84beab3ffffffff,40,14
8494539ffffffff,20,4
841aa63ffffffff,29,0
841aa0dffffffff,17,14
841aa09ffffffff,0,32
84499d7ffffffff,0,9
84499d5ffffffff,0,39
84499ddffffffff,85,0
84498cbffffffff,19,13
8449ab7ffffffff,5,0
8449ab5ffffffff,84,0
8448ab9ffffffff,42,0
8448a87ffffffff,34,0
8448aabffffffff,19,12
8448aa9ffffffff,14,0
84498e1ffffffff,12,7
842a311ffffffff,45,0
842a315ffffffff,6,0
8465b57ffffffff,21,13
8465b1dffffffff,0,2
8465b07ffffffff,8,0
8465b05ffffffff,5,0
8469367ffffffff,17,2
8465b25ffffffff,29,0
8465b2dffffffff,13,26
8465b29ffffffff,21,1
844ba1bffffffff,28,0
844b153ffffffff,5,0
844b10bffffffff,0,17
84411d1ffffffff,13,0
841e2c7ffffffff,29,0
841e2c3ffffffff,30,0
841e2cbffffffff,33,0
841f537ffffffff,8,20
841f531ffffffff,0,1
844163dffffffff,0,16
8448563ffffffff,33,0
8448505ffffffff,37,7
8448507ffffffff,36,7
8448539ffffffff,1,0
8448087ffffffff,4,0
8448085ffffffff,5,35
84499c5ffffffff,19,3
84499c7ffffffff,0,7
84499c1ffffffff,10,31
8445093ffffffff,0,17
8445097ffffffff,22,0
8449857ffffffff,9,0
8449855ffffffff,28,11
8449809ffffffff,12,24
8449847ffffffff,0,13
844980dffffffff,0,24
8448361ffffffff,46,0
8448365ffffffff,4,0
8448367ffffffff,29,0
84498dbffffffff,34,6
84498d3ffffffff,2,0
8448519ffffffff,11,27
844851bffffffff,38,6
84485cdffffffff,31,0
84485c5ffffffff,1,0
84bec63ffffffff,4,0
84bec05ffffffff,3,0
84b91d5ffffffff,0,1
84b91ddffffffff,3,13
84b91c3ffffffff,19,13
84b91c1ffffffff,39,0
84b91cdffffffff,33,0
8465197ffffffff,27,0
8465191ffffffff,35,0
846519dffffffff,18,15
84651d7ffffffff,0,13
8460963ffffffff,6,0
8460961ffffffff,21,12
8461913ffffffff,0,13
8442a81ffffffff,4,12
8444529ffffffff,95,12
8444f01ffffffff,30,12
8453635ffffffff,26,3
84536e5ffffffff,0,3
8412f01ffffffff,18,0
8412f03ffffffff,57,1
8412f15ffffffff,34,0
8412f11ffffffff,9,2
84b9145ffffffff,85,24
841e863ffffffff,8,15
8427483ffffffff,90,16
84beabbffffffff,0,4
8449833ffffffff,10,23
84c986dffffffff,86,24
84c9869ffffffff,0,11
846d63bffffffff,0,1
846d6edffffffff,37,32
846d6e1ffffffff,46,5
8448b69ffffffff,11,7
8448b45ffffffff,27,0
8448b47ffffffff,40,0
8448b43ffffffff,35,0
8448b55ffffffff,1,0
84bef6dffffffff,48,0
84bea97ffffffff,57,12
84b9acdffffffff,46,0
84b9a13ffffffff,33,25
84d892dffffffff,21,14
8441b2bffffffff,8,10
84bb0d5ffffffff,72,8
84be8bdffffffff,35,19
84bb2bbffffffff,117,4
84daaa7ffffffff,20,12
84da95dffffffff,0,81
84bb749ffffffff,119,2
84da94bffffffff,68,49
84da967ffffffff,76,0
84da963ffffffff,41,4
84be6ebffffffff,20,0
84be6c5ffffffff,20,12
